User_ID,Home_Latitude,Home_Longitude,Registered_Device_ID,Avg_Transaction_Amount,Max_Transaction_Amount,Risk_Category,Account_Creation_Date,KYC_Status,Daily_Transaction_Limit,Usual_Login_Time_Start,Usual_Login_Time_End,Avg_Transactions_Per_Day,Registered_City,SIM_Registered,Account_Status,Last_Device_Change_Date,Linked_Bank_Count
USER_1,33.891233,74.819988,HSMGA0QN44,4940,18777,Low,2021-12-03,Min,46874,10:00,21:00,1,Hyderabad,Yes,Dormant,2024-08-11,4
USER_2,14.61406,86.416447,S5W9OCXCCG,3988,16629,Low,2023-06-14,Min,165485,9:00,18:00,8,Kolkata,No,Dormant,2023-09-18,4
USER_3,22.207434,84.971577,EXVDP4KNCP,1383,41613,Low,2021-03-18,Full,164159,9:00,22:00,17,Delhi,No,Dormant,2022-12-16,4
USER_4,18.731695,77.22646,OGZIH4LNJS,1513,14734,Low,2021-07-10,Full,161468,9:00,18:00,10,Delhi,No,Dormant,2023-10-02,1
USER_5,19.83423,87.43253,R77DMLXSR9,3323,10189,Low,2025-11-15,Full,83070,9:00,19:00,10,Kolkata,No,Active,2027-05-12,1
USER_6,27.167599,80.598937,07MYEM8UYM,648,40107,Low,2022-05-27,Min,150833,9:00,23:00,11,Mumbai,No,Active,2024-03-23,3
USER_7,27.221479,88.454094,AWQ4OTGHJE,4622,8161,Low,2023-06-01,Min,68413,6:00,21:00,1,Hyderabad,Yes,Active,2024-05-03,4
USER_8,30.682307,80.115208,UQSH6BRJZH,1646,38097,Low,2024-11-02,Pending,146385,9:00,20:00,12,Kolkata,Yes,Active,2026-09-03,1
USER_9,29.372768,68.175682,GF8Z0XJSDF,1290,15664,High,2023-03-19,Full,80129,6:00,20:00,6,Chennai,No,Dormant,2025-04-25,3
USER_10,20.819685,69.255391,0C83QXF8UJ,2579,27435,High,2021-09-04,Pending,166380,8:00,22:00,7,Mumbai,No,Dormant,2022-01-17,3
USER_11,29.488142,79.519282,YPD7ID4M4R,2142,39377,Medium,2021-06-24,Full,86155,8:00,19:00,9,Hyderabad,Yes,Active,2021-11-29,5
USER_12,15.12387,70.309018,YRLWOL9ZDQ,2138,19381,Medium,2021-03-12,Full,18613,10:00,18:00,18,Hyderabad,No,Dormant,2021-08-29,5
USER_13,31.629824,80.664884,J9ATA6WMZG,3658,5148,High,2024-04-24,Pending,147166,8:00,22:00,12,Delhi,Yes,Dormant,2024-06-05,4
USER_14,8.354486,78.22468,VEPZI9TE2U,4805,25042,Low,2025-04-12,Full,42018,9:00,21:00,5,Hyderabad,Yes,Dormant,2027-08-02,5
USER_15,28.856618,78.06286,D7N3P6SVOY,1161,19335,Medium,2025-12-19,Pending,166255,7:00,19:00,19,Mumbai,No,Active,2028-07-05,5
USER_16,17.826178,77.671793,AFP687Y8U3,4750,32608,High,2022-08-12,Pending,14981,9:00,18:00,7,Bangalore,No,Active,2022-10-30,1
USER_17,22.420448,83.919054,FPSKWQVE4F,1196,48639,Low,2021-10-07,Full,159596,8:00,22:00,5,Chennai,Yes,Active,2023-04-26,4
USER_18,23.104177,72.675786,EXNSHYRI32,3824,40443,Low,2023-09-06,Min,92612,6:00,23:00,17,Bangalore,Yes,Dormant,2025-07-23,3
USER_19,18.293318,80.346954,0F44F1Y3J2,1719,36072,Low,2022-10-05,Min,151688,6:00,23:00,7,Bangalore,Yes,Dormant,2025-03-17,2
USER_20,10.408693,95.231456,QR86Q5WLWU,3753,30055,High,2025-06-22,Pending,103961,6:00,22:00,4,Bangalore,Yes,Active,2025-11-16,1
USER_21,35.209439,69.658039,TMR9H80KSH,2387,33785,High,2024-02-05,Min,70066,9:00,23:00,3,Kolkata,Yes,Active,2025-04-02,5
USER_22,30.430207,95.59318,Z602M1MIKO,2769,16221,Medium,2022-11-28,Pending,176801,9:00,23:00,16,Bangalore,No,Active,2023-11-02,2
USER_23,29.084073,89.815817,CWCI84M0W7,4512,9301,Medium,2026-01-14,Full,48550,10:00,21:00,13,Bangalore,Yes,Active,2028-03-22,2
USER_24,33.650939,81.440405,WZVRZO07KJ,3875,22392,Low,2022-04-06,Full,86008,10:00,20:00,17,Delhi,No,Dormant,2024-12-26,2
USER_25,35.413173,82.479371,6BQOA9RKH8,4436,10674,Low,2025-10-03,Min,196894,10:00,19:00,5,Delhi,No,Active,2028-02-26,5
USER_26,11.709735,84.213513,5MNY0VYONF,3828,28342,High,2023-10-02,Min,80068,8:00,18:00,17,Bangalore,Yes,Dormant,2024-03-25,5
USER_27,34.089884,86.905654,U8QATI04XK,4864,7471,Medium,2024-11-28,Pending,77179,7:00,21:00,19,Delhi,Yes,Active,2027-04-17,4
USER_28,26.698329,68.290882,LU8VP8E8XT,3261,20814,Low,2022-05-04,Min,39164,6:00,21:00,3,Mumbai,Yes,Active,2024-02-16,3
USER_29,22.550684,71.923534,ZC9CPX9AQV,624,35530,Low,2021-06-27,Full,167616,6:00,18:00,2,Kolkata,Yes,Dormant,2022-05-09,5
USER_30,35.441568,83.456359,FOO79GBELZ,4160,41277,Low,2023-08-25,Pending,152820,7:00,18:00,16,Mumbai,No,Dormant,2024-04-17,1
USER_31,14.318687,89.921307,E7QH8F4QDQ,4042,42618,Low,2023-09-22,Min,31109,7:00,22:00,20,Hyderabad,No,Dormant,2025-05-23,1
USER_32,18.016247,69.208623,JP7UU96ZON,2080,5268,Low,2024-08-23,Pending,174842,7:00,22:00,13,Mumbai,Yes,Dormant,2025-04-13,5
USER_33,30.965413,80.130806,F4959HJDTU,2892,45987,Low,2020-09-29,Full,92499,10:00,22:00,20,Chennai,No,Active,2021-03-18,4
USER_34,12.439407,93.234304,L5D1TBM87N,2303,7318,Medium,2024-06-12,Pending,59310,6:00,23:00,6,Mumbai,Yes,Active,2024-09-18,2
USER_35,31.018829,71.910384,ISRDZYXD0S,2230,31257,High,2022-01-17,Min,158255,7:00,18:00,19,Delhi,Yes,Dormant,2024-10-02,5
USER_36,24.505582,69.830359,E2Y1ZRVN39,4756,44173,Low,2024-10-06,Pending,32442,6:00,18:00,10,Kolkata,No,Active,2026-06-05,3
USER_37,28.463173,73.693047,EGG2DPWIJI,4835,28910,High,2021-01-05,Min,102471,6:00,18:00,8,Chennai,Yes,Dormant,2021-02-13,1
USER_38,22.911518,77.548307,6U3EAPKPLT,1285,6303,Medium,2022-07-06,Pending,18077,7:00,18:00,11,Delhi,No,Active,2025-01-23,4
USER_39,8.370529,89.159343,Y97J0H6X1Y,3276,39316,Medium,2024-07-29,Full,161178,7:00,22:00,15,Mumbai,Yes,Active,2025-11-05,1
USER_40,13.816285,71.79808,NFB9CV8949,4909,17230,Low,2025-05-17,Full,162753,6:00,20:00,18,Delhi,No,Active,2027-10-10,1
USER_41,11.344652,89.718012,LD1UGROS6A,2915,43518,Low,2025-05-24,Min,23058,9:00,18:00,15,Hyderabad,Yes,Active,2026-11-23,3
USER_42,18.550502,72.752222,7OZ8Z0Z9L7,1980,49604,Medium,2026-01-09,Min,68132,8:00,18:00,14,Delhi,Yes,Active,2026-04-17,1
USER_43,34.725251,93.299974,73IX2M5YTN,4240,42201,High,2024-06-11,Min,178451,9:00,19:00,8,Kolkata,Yes,Dormant,2024-09-23,2
USER_44,18.478326,76.014909,5PRS6F1E7G,3578,5129,High,2021-10-28,Min,81801,10:00,23:00,12,Delhi,No,Active,2024-05-23,4
USER_45,22.104956,76.120187,SKBWWFJ4JT,3128,29074,Medium,2024-06-21,Pending,44802,6:00,23:00,1,Chennai,Yes,Active,2027-01-14,2
USER_46,32.580898,75.950988,AYE7ZVJ5IK,1472,33502,High,2021-10-13,Min,108244,7:00,22:00,13,Bangalore,Yes,Dormant,2022-11-03,3
USER_47,14.242467,84.577045,XYBE4S0ZR2,4933,33571,High,2021-01-26,Min,125229,9:00,18:00,3,Bangalore,Yes,Active,2022-09-20,3
USER_48,19.892844,90.622542,AMLIKUZK38,4275,38531,Low,2021-12-19,Min,138075,10:00,19:00,20,Bangalore,No,Active,2023-05-28,1
USER_49,17.767414,80.048189,4SZXKBLRDV,2801,48145,Medium,2022-04-30,Pending,119500,10:00,19:00,1,Kolkata,No,Dormant,2023-12-12,3
USER_50,17.75885,79.384379,LV8EB5XRDT,2989,33562,Medium,2023-06-07,Pending,178340,6:00,19:00,13,Bangalore,No,Dormant,2025-10-24,2
USER_51,15.527844,74.027346,4TU7G2KNG0,4854,21463,High,2023-06-23,Full,21535,7:00,20:00,6,Kolkata,Yes,Active,2025-11-18,1
USER_52,25.135555,79.283712,GIUNM2B363,3142,24896,High,2025-10-18,Min,54483,7:00,22:00,16,Hyderabad,No,Dormant,2027-08-04,1
USER_53,24.60981,89.245471,ACR65SW3U3,1683,41911,High,2024-12-06,Min,47610,10:00,19:00,7,Delhi,No,Active,2025-02-18,5
USER_54,24.549929,69.121657,1JTFO9Y5Y1,3923,33931,High,2025-11-01,Full,166236,8:00,21:00,17,Chennai,No,Active,2028-07-23,1
USER_55,19.064972,84.289738,ASLC2XP6PZ,2517,15066,High,2022-06-26,Full,80550,9:00,22:00,17,Mumbai,No,Dormant,2023-11-01,2
USER_56,26.568076,89.19186,PJ3XC4VPBN,3790,29658,High,2024-01-07,Full,146462,8:00,20:00,11,Chennai,Yes,Dormant,2024-11-24,4
USER_57,35.684171,80.818297,V52SRSX9CF,4146,40740,High,2023-03-16,Full,63051,6:00,23:00,16,Chennai,No,Dormant,2025-03-02,2
USER_58,30.043616,68.056712,ENPDQ63BN6,2432,24242,Medium,2025-03-24,Pending,137702,6:00,18:00,20,Kolkata,No,Dormant,2027-07-13,4
USER_59,28.821233,79.963144,DANEVYJ4F3,1415,45273,High,2024-04-10,Min,134449,6:00,18:00,5,Bangalore,Yes,Active,2025-07-01,3
USER_60,30.690825,81.192469,SFG4F2E3OS,562,11521,Medium,2025-10-14,Pending,15111,6:00,19:00,2,Mumbai,Yes,Dormant,2026-01-02,3
USER_61,11.798147,77.135667,OLAYXV2ZMP,3701,23513,High,2021-03-05,Min,44902,8:00,18:00,18,Hyderabad,Yes,Dormant,2021-12-20,3
USER_62,17.867117,68.249693,U9QZWLS2PL,3085,36296,Medium,2022-04-23,Min,39791,7:00,23:00,7,Kolkata,No,Dormant,2024-03-05,4
USER_63,26.2996,90.67937,RBF0E4JSSB,1657,24255,Low,2025-05-17,Min,39304,10:00,18:00,14,Delhi,Yes,Active,2027-11-19,3
USER_64,16.35341,72.251676,U6OFB2W20W,4302,10196,High,2025-12-18,Pending,162688,6:00,19:00,11,Kolkata,No,Dormant,2026-12-21,3
USER_65,16.583584,75.188773,VJAV5H6V7U,2849,46190,Low,2025-02-10,Pending,27322,7:00,21:00,15,Mumbai,Yes,Dormant,2026-12-18,4
USER_66,28.197401,79.036858,4BVLALXVKQ,2528,47152,Medium,2023-05-23,Pending,145711,7:00,22:00,19,Chennai,No,Dormant,2023-09-04,2
USER_67,32.600607,77.924711,LA96G2CAU6,808,25188,Low,2021-06-26,Pending,144869,9:00,23:00,14,Delhi,No,Active,2022-12-17,1
USER_68,35.255134,80.689766,5BN55L2050,4431,40952,High,2024-05-12,Min,199442,8:00,22:00,10,Hyderabad,No,Active,2026-06-28,2
USER_69,27.053815,72.100838,HOG5W3VUNQ,1150,15984,Low,2020-10-11,Pending,131145,9:00,22:00,3,Chennai,No,Active,2021-04-16,3
USER_70,36.177503,68.727071,OB6QDT219E,1309,28991,High,2020-09-13,Min,65515,7:00,23:00,19,Delhi,No,Dormant,2022-02-12,5
USER_71,21.116274,70.410765,7BKVR3LSF8,3641,14234,High,2025-09-09,Min,39155,6:00,20:00,8,Hyderabad,No,Active,2028-03-20,1
USER_72,26.119996,95.15987,AM0YD5HVTO,1083,37330,Low,2022-10-18,Pending,55649,8:00,22:00,7,Chennai,No,Active,2023-10-10,4
USER_73,8.242088,73.131873,9LCN4I06PU,1163,20960,Medium,2022-04-13,Min,58340,8:00,19:00,20,Kolkata,Yes,Dormant,2023-04-04,4
USER_74,26.521536,91.737661,3I8A75OL58,1433,22319,Low,2021-10-02,Min,18400,9:00,23:00,6,Hyderabad,No,Dormant,2022-01-15,1
USER_75,12.356034,92.675025,8SME1WPGA5,1644,30888,Low,2025-08-19,Full,173538,8:00,19:00,3,Chennai,Yes,Dormant,2026-11-09,4
USER_76,34.615902,85.846702,KWCUCPRTDM,3779,15843,Low,2021-06-06,Min,150175,9:00,23:00,15,Hyderabad,No,Dormant,2021-07-24,1
USER_77,19.579396,87.756883,V52VLPGK6S,3581,40832,High,2020-10-09,Full,19445,7:00,18:00,20,Mumbai,Yes,Active,2021-05-11,1
USER_78,18.834831,70.40446,UA1CLKLNN6,580,37708,Low,2025-02-10,Pending,83473,8:00,18:00,9,Kolkata,Yes,Dormant,2026-09-20,5
USER_79,15.638243,91.648832,NM1I8OBJFY,4541,35387,High,2021-02-11,Min,36412,7:00,20:00,20,Kolkata,No,Active,2022-07-09,3
USER_80,24.234267,96.576105,97SIGMYETQ,4866,24764,Low,2023-04-18,Full,137354,7:00,20:00,6,Chennai,No,Dormant,2024-08-20,5
USER_81,33.300032,94.140028,0BUN74ETET,2682,8272,Medium,2021-12-17,Full,197960,9:00,23:00,20,Delhi,Yes,Active,2023-08-12,5
USER_82,29.4206,81.06772,6030P2B0T4,4247,19397,High,2022-05-11,Min,153231,9:00,18:00,15,Mumbai,Yes,Active,2024-08-18,5
USER_83,24.055395,89.391743,UUCZQGFPMT,4629,48487,Low,2023-10-12,Pending,31765,9:00,19:00,17,Mumbai,Yes,Active,2023-12-23,4
USER_84,28.419711,96.212623,ZWGPQF07XV,3991,42307,Medium,2025-05-13,Pending,160987,10:00,21:00,19,Bangalore,No,Active,2028-01-25,3
USER_85,23.648306,80.200129,LJ17MEMOWF,4543,22251,Medium,2022-11-13,Min,139779,9:00,19:00,15,Bangalore,Yes,Active,2024-07-23,3
USER_86,28.384254,68.96276,AOBNUNUQ0S,2190,35006,Low,2022-09-13,Pending,92874,9:00,23:00,8,Delhi,No,Active,2025-03-18,5
USER_87,14.715536,91.225785,OPY1Q209KF,1244,31312,Medium,2021-03-27,Pending,101408,9:00,19:00,18,Chennai,Yes,Active,2021-04-10,1
USER_88,14.416387,96.235167,DMUZJ6CSRM,4111,26307,Medium,2022-02-14,Pending,74361,8:00,22:00,17,Chennai,Yes,Active,2024-07-31,4
USER_89,23.455582,95.797171,MI93AOZLV4,4604,30895,Low,2024-02-04,Pending,136518,7:00,18:00,7,Chennai,No,Dormant,2025-11-10,4
USER_90,32.207318,85.411108,MAJ3QKDNEX,583,46834,Medium,2020-10-26,Min,75358,7:00,21:00,18,Chennai,No,Dormant,2022-09-27,3
USER_91,8.063584,72.376955,JKQ7VSZ2AG,2712,35234,Medium,2021-08-30,Full,181022,7:00,19:00,14,Mumbai,Yes,Active,2022-06-09,2
USER_92,28.535633,91.265457,23LVVC2IAG,3107,44664,Low,2025-05-09,Pending,101443,8:00,22:00,9,Mumbai,No,Dormant,2028-02-01,1
USER_93,14.445928,72.911805,FXX3TFQQPG,3620,18098,Medium,2023-03-01,Min,164504,10:00,21:00,4,Delhi,Yes,Dormant,2025-08-28,1
USER_94,12.496879,74.421573,46RJTUX1VD,2499,5524,High,2024-03-04,Full,117302,10:00,23:00,3,Mumbai,No,Dormant,2024-08-10,1
USER_95,25.26856,85.651497,MHYBN6P1IO,3540,33078,Medium,2025-07-19,Pending,92787,7:00,19:00,7,Kolkata,Yes,Active,2027-07-07,5
USER_96,14.951245,76.427084,Y8FIQXOY1T,1510,26776,Low,2022-11-15,Pending,199502,9:00,22:00,17,Mumbai,Yes,Dormant,2023-11-13,3
USER_97,23.088815,69.921148,ZUUTEWVMYX,3176,5967,Medium,2022-12-16,Full,30614,6:00,19:00,12,Mumbai,Yes,Dormant,2022-12-25,1
USER_98,30.896122,72.262179,MF32B4PBP3,1888,41776,Medium,2021-09-24,Pending,192297,9:00,21:00,1,Bangalore,Yes,Active,2023-05-17,3
USER_99,21.501908,77.715351,KSRQ9BF4QI,2903,37275,High,2025-11-22,Full,147362,6:00,18:00,8,Kolkata,No,Active,2026-06-10,5
USER_100,13.391638,75.27363,J7F00AI0RW,2948,40534,Low,2024-03-08,Full,118065,6:00,18:00,8,Mumbai,Yes,Dormant,2024-11-23,5
USER_101,14.852231,70.828008,4NPVUUU1X2,3993,11561,Low,2025-04-21,Pending,92938,9:00,19:00,9,Hyderabad,Yes,Dormant,2027-05-25,4
USER_102,12.945272,69.03397,DEXOH5691F,2468,12541,Low,2021-04-09,Full,131396,10:00,18:00,10,Delhi,No,Active,2021-09-13,4
USER_103,16.323416,80.540287,082ZRYUW3P,3460,20249,High,2024-12-27,Full,46529,10:00,18:00,3,Delhi,Yes,Dormant,2025-08-18,3
USER_104,13.14828,78.11263,DWI5CBFRFL,2125,9787,High,2022-04-27,Full,31896,10:00,19:00,16,Chennai,No,Dormant,2023-08-21,4
USER_105,33.807409,80.500312,84E758LJ1I,4624,34343,Low,2021-12-31,Min,28668,9:00,18:00,14,Chennai,Yes,Active,2024-08-15,5
USER_106,11.406202,84.083685,C3J7CBWMXJ,1398,27095,Medium,2022-06-28,Min,161478,7:00,22:00,12,Bangalore,No,Active,2024-10-18,3
USER_107,32.15974,73.996784,C2M50DZQFJ,2437,5978,Low,2024-09-18,Full,13166,7:00,21:00,10,Kolkata,Yes,Active,2027-02-07,4
USER_108,28.865142,90.596747,NA7E92B4W6,3217,43551,Medium,2022-11-26,Pending,33115,9:00,19:00,18,Mumbai,Yes,Active,2023-12-01,2
USER_109,14.087169,69.113265,86JJ7EC2H3,2827,18453,Low,2022-12-20,Full,56842,6:00,18:00,17,Hyderabad,No,Dormant,2024-12-31,5
USER_110,22.536898,87.851717,5YU4QK2XLW,1800,17856,Low,2023-08-13,Full,119746,9:00,20:00,6,Chennai,Yes,Active,2024-06-18,5
USER_111,31.00404,80.989437,JHHZBGGQSH,4345,7317,High,2025-04-21,Min,130480,10:00,20:00,3,Bangalore,No,Dormant,2026-08-25,3
USER_112,9.23817,71.211212,IDQI45Z8UK,2706,45696,Low,2021-04-16,Full,52533,7:00,19:00,14,Chennai,No,Active,2023-11-24,5
USER_113,11.13957,84.511072,K7XKIA26FG,542,17916,High,2023-01-08,Min,109634,9:00,21:00,19,Chennai,No,Active,2023-11-02,4
USER_114,17.610144,72.708286,ATPHB2MHBA,3178,44591,Low,2025-11-20,Pending,85440,7:00,20:00,11,Mumbai,No,Active,2028-04-09,4
USER_115,16.982014,94.370853,L3BSRTTBJS,3270,25983,Medium,2022-07-31,Full,117095,7:00,19:00,16,Bangalore,Yes,Dormant,2022-11-07,2
USER_116,34.900633,68.343119,9RHPFKSYD9,3075,5279,High,2023-10-15,Min,64627,6:00,23:00,10,Delhi,No,Dormant,2025-11-04,4
USER_117,20.097663,84.685914,00IA5QGI7L,3968,41271,Low,2023-02-26,Full,125996,6:00,23:00,1,Mumbai,No,Active,2024-05-23,3
USER_118,10.431606,93.322093,N5FL7NASID,4166,44465,Low,2021-04-17,Min,29851,10:00,20:00,1,Mumbai,No,Active,2022-09-28,3
USER_119,35.511929,92.603297,DFS8MUKO44,4924,44389,Medium,2020-09-18,Pending,60574,8:00,20:00,6,Bangalore,Yes,Dormant,2022-10-29,1
USER_120,31.78843,81.111355,RV7YJ9TZWM,4268,14466,Low,2025-05-30,Full,63315,7:00,21:00,9,Kolkata,Yes,Active,2026-10-23,5
USER_121,17.30806,73.706729,HZESRDRD1Z,1064,11234,Low,2022-10-26,Full,19361,10:00,19:00,1,Hyderabad,No,Active,2025-03-16,1
USER_122,11.825509,69.697468,3KD2WZFASY,572,44952,Medium,2020-11-11,Full,102637,7:00,22:00,1,Bangalore,No,Dormant,2020-12-16,4
USER_123,8.594506,75.739431,2TL65IXAS3,1591,21274,Medium,2022-12-17,Pending,175128,9:00,21:00,11,Chennai,Yes,Dormant,2023-07-16,5
USER_124,36.469677,82.964272,H8FPOOSH4Y,860,44720,Medium,2023-08-25,Full,77243,10:00,21:00,7,Chennai,No,Dormant,2023-09-28,4
USER_125,20.184456,75.862585,4ARGXZ3MGX,2345,49941,Medium,2022-06-28,Full,45303,10:00,22:00,4,Bangalore,No,Dormant,2023-06-11,3
USER_126,36.637661,71.889661,HO6DF7LVZB,4125,5655,Low,2025-08-23,Full,107181,7:00,22:00,15,Mumbai,No,Dormant,2026-06-30,1
USER_127,10.713592,83.10671,C1YWV466P7,1003,6139,Low,2022-01-29,Min,59229,7:00,18:00,4,Hyderabad,No,Dormant,2024-04-20,1
USER_128,10.70698,76.615913,9YRGW5MREK,3545,16462,High,2025-06-28,Min,20788,8:00,23:00,14,Chennai,Yes,Active,2027-01-02,3
USER_129,21.539485,75.303551,M2IRV78ZAQ,3415,17843,High,2020-11-13,Min,125910,6:00,18:00,3,Delhi,Yes,Dormant,2023-05-07,1
USER_130,9.372134,75.641924,3WN0O6ZMMY,3490,40950,Low,2024-07-05,Min,127890,7:00,18:00,12,Mumbai,No,Dormant,2026-10-01,5
USER_131,24.033175,89.272999,CQCSAEX5F9,733,31323,Medium,2024-10-24,Min,120561,6:00,22:00,11,Kolkata,Yes,Active,2027-03-04,3
USER_132,28.082973,74.937037,2NJY2H6X3B,3127,18544,Medium,2021-05-21,Min,125797,9:00,20:00,2,Bangalore,No,Dormant,2022-04-27,2
USER_133,28.943686,73.508658,WY44MDA1AT,2622,41240,High,2024-07-13,Full,107476,10:00,19:00,16,Hyderabad,Yes,Dormant,2026-11-28,3
USER_134,24.223342,90.384168,UM3AUSU6QY,3423,46306,High,2022-01-11,Full,106159,6:00,18:00,4,Hyderabad,Yes,Active,2023-11-01,4
USER_135,35.709737,88.502765,OB0I91H3OL,3898,40121,High,2023-06-21,Full,22141,10:00,20:00,11,Chennai,Yes,Active,2025-04-24,2
USER_136,35.82765,94.352377,4V0IUNC07Z,1729,23233,Medium,2024-12-27,Min,35775,9:00,18:00,5,Mumbai,No,Dormant,2026-09-15,1
USER_137,31.195824,79.935655,DB2WPP6R1L,4216,40171,Low,2023-02-26,Pending,79541,10:00,20:00,4,Chennai,Yes,Active,2023-04-12,4
USER_138,30.044667,77.45654,L3P2HB88GC,1130,45605,High,2025-02-24,Full,69520,6:00,20:00,12,Delhi,Yes,Dormant,2027-03-15,5
USER_139,21.015316,85.073617,1B20DX2KAB,2945,19197,Low,2024-10-07,Pending,166762,7:00,23:00,3,Bangalore,Yes,Active,2024-10-18,1
USER_140,24.884088,90.2209,5N8HSFH5U3,3908,44365,Low,2023-03-13,Min,39327,8:00,22:00,16,Bangalore,No,Dormant,2025-05-12,3
USER_141,12.736285,86.223751,MTICC6Y6L7,1045,39086,Low,2022-09-20,Full,164111,6:00,18:00,19,Delhi,No,Dormant,2022-12-14,2
USER_142,14.810881,79.505716,CV7EMLM248,2984,35141,Low,2024-10-21,Min,96213,10:00,20:00,4,Chennai,No,Dormant,2025-03-25,2
USER_143,33.694498,83.496435,QS54JW7FFY,4111,34182,Medium,2024-05-04,Pending,61875,6:00,18:00,17,Delhi,Yes,Dormant,2025-11-09,5
USER_144,22.902471,70.59631,58OAEN6C8W,2356,30247,Medium,2022-01-07,Full,113309,10:00,23:00,4,Mumbai,Yes,Active,2024-08-13,1
USER_145,30.486939,82.123832,N05Z35YC00,3074,5024,Medium,2022-12-12,Full,164706,10:00,18:00,6,Chennai,No,Dormant,2025-03-24,3
USER_146,11.311528,75.171977,Z2RK9NLXUX,1890,9217,Low,2025-06-13,Pending,94779,8:00,19:00,12,Mumbai,No,Active,2026-11-13,2
USER_147,17.144273,87.691725,D7ATOKEDWV,2677,11088,Low,2023-11-13,Min,62689,8:00,18:00,4,Kolkata,Yes,Active,2024-07-20,4
USER_148,16.98859,96.049312,Z1GH4F0RBZ,2059,15964,Medium,2023-06-10,Min,121322,8:00,23:00,15,Kolkata,No,Dormant,2025-04-28,2
USER_149,13.182621,74.833678,9VRPTDMRW2,2896,26683,Medium,2025-11-29,Full,119525,7:00,23:00,19,Kolkata,No,Dormant,2028-04-07,2
USER_150,23.120504,77.908403,B56L6WJENI,3279,29656,High,2025-07-01,Pending,112164,9:00,21:00,11,Bangalore,No,Active,2027-12-07,2
USER_151,11.821682,79.195243,5AJIUGTNY4,900,6025,Medium,2025-01-03,Full,62895,6:00,22:00,10,Chennai,No,Active,2025-11-16,2
USER_152,28.62743,90.100781,OM4MQURD40,1584,17857,High,2020-10-08,Min,167838,9:00,19:00,20,Chennai,No,Active,2020-12-04,1
USER_153,20.478538,93.479803,MDTOUONCQF,1859,29676,High,2025-06-29,Full,186273,9:00,19:00,6,Bangalore,Yes,Active,2027-11-14,5
USER_154,26.26199,93.204129,JAVEXE95PZ,3593,17850,Low,2023-03-17,Pending,44138,8:00,23:00,2,Mumbai,Yes,Active,2025-07-20,2
USER_155,14.512644,84.434705,6F1SOFORSW,3415,19719,High,2023-01-18,Full,31742,9:00,21:00,19,Chennai,Yes,Dormant,2024-03-03,3
USER_156,23.340492,74.533146,1IFB8YBUZ1,1749,32511,Medium,2023-01-13,Full,190571,10:00,20:00,6,Kolkata,Yes,Active,2025-05-21,4
USER_157,11.523731,78.070192,MCGL2FU9A4,1334,13050,Medium,2023-01-21,Min,159686,7:00,23:00,16,Bangalore,No,Active,2023-12-20,3
USER_158,19.05067,71.384517,AYKCE8O9NV,2067,39047,Low,2020-12-17,Full,50619,9:00,21:00,16,Bangalore,Yes,Dormant,2021-09-06,5
USER_159,22.45988,92.414358,B3C987NL8U,4303,17253,Low,2024-03-05,Min,44112,6:00,20:00,3,Delhi,No,Dormant,2026-09-05,4
USER_160,29.371974,79.808869,HNURTRT76Q,4746,18307,Medium,2025-10-15,Full,168148,9:00,21:00,10,Bangalore,Yes,Active,2026-12-25,4
USER_161,22.389902,79.074256,PSPN6VX7BA,4066,47009,High,2021-10-22,Pending,92596,7:00,23:00,20,Delhi,No,Dormant,2022-10-30,1
USER_162,11.8151,71.503746,5F59PKXJCM,884,10345,High,2024-01-09,Pending,150591,8:00,20:00,1,Chennai,No,Dormant,2026-08-23,1
USER_163,24.709251,96.96304,M6EVTPDXY3,3057,31754,High,2023-01-03,Pending,95810,6:00,21:00,11,Mumbai,No,Dormant,2023-02-20,5
USER_164,12.01113,96.876487,T9BRAXQVCA,4405,15222,Low,2022-05-15,Min,29804,7:00,23:00,1,Bangalore,Yes,Active,2024-03-07,3
USER_165,23.970376,89.812297,87F49C3FOT,2162,9381,High,2022-07-04,Min,30009,10:00,20:00,9,Chennai,No,Dormant,2024-11-03,1
USER_166,28.893308,79.214717,TVEEPFJ2R9,1689,17706,High,2025-02-20,Full,35546,6:00,22:00,6,Chennai,No,Active,2026-04-04,4
USER_167,36.92153,74.962489,Y5CZ3AOHH0,3616,5001,High,2023-08-31,Full,123289,8:00,23:00,11,Bangalore,No,Active,2023-11-14,3
USER_168,27.952009,70.705321,D8KLLQC3J8,967,20393,Low,2023-10-11,Full,150392,7:00,20:00,1,Delhi,No,Active,2026-06-22,1
USER_169,20.059331,78.840762,L12ZV23YI6,4766,26088,High,2025-07-07,Full,44818,8:00,20:00,5,Chennai,No,Dormant,2026-01-26,5
USER_170,17.526669,80.278581,Y4VBR04UBF,2555,25134,Medium,2021-04-05,Min,199633,8:00,22:00,13,Delhi,Yes,Active,2021-06-07,1
USER_171,31.96777,78.942184,B8LAQEM8I6,3552,14181,High,2021-06-01,Full,159211,10:00,20:00,20,Kolkata,No,Dormant,2021-11-26,2
USER_172,33.533758,72.90957,W4V6FRKFUL,1935,39157,Low,2024-08-18,Pending,106325,10:00,18:00,9,Kolkata,Yes,Active,2026-10-17,5
USER_173,29.756681,73.312437,1X0N03AD0S,2904,44507,Medium,2023-09-21,Full,170864,9:00,21:00,3,Bangalore,No,Dormant,2023-10-15,2
USER_174,33.691369,88.171225,4POAM8H1B4,4744,31306,High,2025-07-22,Min,72218,10:00,21:00,4,Chennai,Yes,Active,2025-08-16,3
USER_175,36.374591,94.099329,HUJEKY9WW5,1684,12692,High,2022-08-09,Min,196855,7:00,19:00,13,Mumbai,No,Active,2025-01-15,5
USER_176,21.786005,82.364942,OB58I36GGH,2805,27905,Low,2023-07-21,Pending,48740,9:00,22:00,20,Mumbai,Yes,Active,2025-11-15,2
USER_177,16.250329,94.710043,CENKSQNGMH,3926,16064,Low,2024-06-02,Min,114956,6:00,22:00,9,Bangalore,No,Active,2025-07-22,3
USER_178,29.520015,86.653212,5OL28UHP1G,3117,23111,Medium,2023-01-26,Full,119152,6:00,23:00,5,Delhi,No,Dormant,2024-11-15,3
USER_179,32.576321,89.014906,E8YTHL6TQ7,3856,15452,Medium,2023-09-28,Min,150539,7:00,21:00,6,Bangalore,Yes,Dormant,2024-10-05,2
USER_180,29.392869,87.386373,CP7B0AFO80,1710,15971,Medium,2025-10-22,Pending,99109,6:00,19:00,16,Bangalore,No,Dormant,2025-12-01,3
USER_181,32.39844,72.277434,OHJWKKGS31,3940,37258,Low,2023-03-05,Full,27875,8:00,18:00,11,Delhi,Yes,Dormant,2024-06-07,2
USER_182,31.503216,95.57096,K0IW1R70ZO,2734,20232,Medium,2025-11-04,Pending,77900,8:00,20:00,5,Chennai,No,Dormant,2028-07-24,4
USER_183,13.760113,87.847156,C58YM16C8Q,679,40096,High,2023-12-27,Full,176119,7:00,23:00,17,Delhi,No,Dormant,2026-05-13,4
USER_184,23.313532,81.35928,DQWCSAKCNY,3914,47460,High,2022-11-11,Pending,111936,6:00,18:00,1,Bangalore,Yes,Active,2024-10-01,3
USER_185,23.141634,72.307028,PN3JOH0GLV,2585,26811,Low,2024-12-04,Full,155332,6:00,22:00,8,Delhi,Yes,Dormant,2025-06-21,4
USER_186,35.686754,79.650448,5C2AOMFZPT,4355,34521,Low,2023-05-28,Pending,154682,9:00,22:00,3,Mumbai,Yes,Active,2024-01-10,1
USER_187,30.819655,77.413452,KRLP3RPC9V,1935,31178,Low,2025-09-06,Min,27310,8:00,22:00,13,Mumbai,No,Active,2027-09-25,5
USER_188,34.186428,83.656314,QS1FWYQU5F,1491,17628,High,2023-05-06,Full,36229,10:00,23:00,9,Delhi,Yes,Active,2024-07-09,2
USER_189,17.61306,71.294483,CS2303L810,817,34809,High,2021-06-30,Min,107246,8:00,19:00,12,Bangalore,Yes,Dormant,2024-01-18,3
USER_190,17.023876,74.078363,TGH4G5AJYL,3871,33379,Low,2021-10-24,Pending,56352,8:00,22:00,8,Hyderabad,Yes,Dormant,2024-02-27,3
USER_191,35.950789,74.802518,Z0SXFKUBYH,4535,20731,High,2024-05-10,Full,83595,6:00,19:00,4,Delhi,Yes,Active,2026-06-26,5
USER_192,23.062747,92.23846,ERAX6MIHJ4,2306,26984,High,2025-08-28,Full,147986,10:00,20:00,18,Mumbai,Yes,Dormant,2026-12-17,2
USER_193,21.936648,89.705384,WZT24MCBA8,2426,41342,Low,2024-02-27,Min,19188,8:00,19:00,7,Bangalore,Yes,Dormant,2025-12-10,1
USER_194,27.116065,77.265283,RXYBH5RFUU,4017,41784,High,2024-10-26,Pending,98418,6:00,20:00,19,Mumbai,No,Active,2026-08-24,2
USER_195,9.344156,80.744465,7WQES12MJX,3977,35390,Medium,2022-08-13,Full,58453,8:00,23:00,12,Mumbai,Yes,Dormant,2024-04-19,4
USER_196,20.691524,69.057943,TQS1T96TTW,1732,37309,High,2022-09-23,Full,193948,9:00,20:00,9,Bangalore,Yes,Active,2023-10-10,1
USER_197,35.216564,87.923878,J9XIA2K0PE,3567,42487,Medium,2025-11-01,Pending,182990,10:00,22:00,17,Hyderabad,No,Dormant,2028-01-28,4
USER_198,8.520209,78.122936,QOI7F9JQXZ,1017,19226,Low,2021-12-08,Full,126191,6:00,23:00,5,Chennai,Yes,Dormant,2024-07-14,1
USER_199,8.083083,69.215162,74DSYCITZR,3085,15537,Low,2023-03-25,Pending,47813,10:00,18:00,20,Kolkata,Yes,Active,2025-08-02,4
USER_200,20.902398,95.685968,KFFXB32Z70,4250,10907,Low,2021-04-28,Pending,140160,8:00,21:00,16,Delhi,No,Active,2023-12-20,5
USER_201,13.234093,88.207369,SM6C17AGUK,2833,34852,Low,2022-06-18,Pending,54448,9:00,21:00,13,Mumbai,Yes,Active,2024-01-02,5
USER_202,30.895956,94.28014,Y9MAWZO2SY,3463,20361,Medium,2022-07-11,Pending,25039,9:00,18:00,20,Bangalore,No,Active,2024-01-29,2
USER_203,25.807612,72.378575,BZTYRBCW1J,2218,47598,Low,2021-07-18,Full,152771,6:00,22:00,9,Chennai,Yes,Active,2023-12-27,3
USER_204,22.074643,88.079812,GTTNP0YVN2,2929,5601,High,2024-02-29,Min,117440,6:00,18:00,10,Chennai,No,Dormant,2025-10-22,1
USER_205,22.157555,87.175318,YUXPWL13OM,1846,36728,Low,2021-02-04,Pending,160499,7:00,21:00,20,Delhi,Yes,Active,2023-03-19,2
USER_206,25.794994,82.709931,0TEW2WQ4CA,1499,8386,Medium,2024-10-13,Min,24780,7:00,21:00,2,Chennai,No,Dormant,2026-01-31,5
USER_207,31.145673,82.293791,MF9BPFS7Y1,1985,24986,Low,2024-01-22,Min,15068,10:00,23:00,20,Mumbai,No,Active,2025-11-02,3
USER_208,27.573969,87.853497,LJDSJEEXWE,4441,37340,Medium,2023-03-06,Pending,190595,7:00,22:00,15,Hyderabad,No,Dormant,2025-02-13,2
USER_209,10.991937,70.724623,LTW0WUXN5H,2192,5798,Low,2025-03-13,Min,59261,10:00,19:00,10,Kolkata,Yes,Active,2025-07-26,3
USER_210,32.812014,70.525056,J2PV5LV35K,3560,27539,High,2023-03-06,Pending,145057,8:00,22:00,13,Mumbai,No,Active,2025-03-22,1
USER_211,11.753437,70.718577,O9LG7DZ1XJ,3697,38583,Low,2025-12-06,Pending,164112,8:00,23:00,5,Mumbai,No,Active,2028-03-26,1
USER_212,31.850299,68.745303,MJI5E7P08H,3990,14495,Low,2023-08-20,Full,60606,7:00,19:00,6,Chennai,Yes,Active,2025-07-31,2
USER_213,18.713518,74.315385,L6P2JNYPUP,4007,16513,Low,2024-05-16,Full,60194,10:00,23:00,17,Delhi,No,Active,2026-02-17,4
USER_214,31.928191,76.015069,EQK20GBXGJ,1208,7422,Low,2020-09-21,Full,137948,7:00,18:00,14,Kolkata,No,Dormant,2020-10-14,3
USER_215,23.534326,82.753495,PK8Y2MDL42,2585,12050,High,2021-03-17,Full,105985,6:00,20:00,5,Hyderabad,No,Active,2023-12-11,1
USER_216,31.383925,70.002457,GOFYCYTQK2,4042,33593,High,2021-11-11,Full,153045,8:00,19:00,4,Hyderabad,No,Dormant,2022-08-16,2
USER_217,18.464,77.547716,JKMC284X1R,823,32157,Low,2023-03-20,Pending,144220,7:00,23:00,2,Mumbai,Yes,Dormant,2025-12-10,2
USER_218,36.099424,83.978898,J22F84FCAQ,2896,48966,High,2024-12-27,Min,110740,8:00,22:00,4,Delhi,Yes,Dormant,2025-03-10,1
USER_219,8.14421,83.229191,ESX3F7QTUE,4317,31377,Low,2023-02-10,Full,75155,9:00,20:00,7,Delhi,Yes,Dormant,2024-04-09,3
USER_220,32.066981,81.283489,ZYAAR954Y6,2908,20558,Medium,2021-01-10,Pending,69100,9:00,20:00,13,Delhi,Yes,Dormant,2021-06-12,4
USER_221,24.30667,84.101026,XFO7ROZ1M4,3885,47063,Low,2022-11-29,Pending,83494,9:00,22:00,13,Delhi,No,Active,2023-05-06,4
USER_222,30.479711,71.273785,3JJ8DLMOVN,822,36269,Low,2021-03-03,Full,193578,8:00,19:00,9,Bangalore,No,Dormant,2022-05-19,5
USER_223,13.4455,76.211493,1GUZRRGSKN,2648,16657,High,2021-09-12,Pending,189343,8:00,23:00,18,Delhi,Yes,Dormant,2022-02-09,4
USER_224,33.998113,85.956902,0L8KVDDA9O,3134,41932,Medium,2024-05-09,Pending,107203,9:00,23:00,11,Chennai,No,Active,2025-03-13,4
USER_225,33.286017,72.007025,W2L09PXBEO,2643,7618,Low,2023-08-01,Pending,48013,9:00,19:00,13,Chennai,No,Dormant,2024-11-04,4
USER_226,17.710538,74.136037,TE87P2829Y,626,38037,Low,2023-03-14,Min,159088,9:00,19:00,19,Kolkata,Yes,Active,2024-06-28,5
USER_227,24.757321,71.300437,M6HNOXVACB,4547,44540,Low,2025-07-03,Full,19429,8:00,20:00,18,Kolkata,No,Dormant,2025-07-05,5
USER_228,36.723137,72.06596,QXRIXUGZO5,4801,35377,Low,2023-01-11,Full,28326,10:00,21:00,18,Delhi,No,Active,2023-10-26,3
USER_229,18.869397,95.375646,PF4QDTS6M8,3898,32614,High,2022-05-09,Min,181988,9:00,22:00,17,Delhi,Yes,Active,2023-02-20,1
USER_230,27.763307,72.160216,WAPHXGPKB6,1176,18631,Low,2024-12-05,Full,55018,9:00,21:00,6,Chennai,Yes,Active,2027-03-11,4
USER_231,31.767061,83.458941,D52LVMA68V,3487,45293,Medium,2021-11-18,Pending,153027,8:00,21:00,16,Mumbai,Yes,Dormant,2023-07-20,2
USER_232,31.374908,80.710844,BWTAZW4369,645,29653,High,2025-07-26,Full,173664,10:00,21:00,13,Hyderabad,Yes,Dormant,2026-07-19,5
USER_233,19.263261,73.39639,71U6CGVF6V,1693,47118,Medium,2021-01-03,Full,138704,6:00,23:00,19,Hyderabad,Yes,Active,2021-01-21,3
USER_234,33.962121,77.719014,GF22PYGKHZ,3987,40014,Low,2021-11-05,Min,188389,9:00,20:00,17,Delhi,No,Dormant,2022-10-13,2
USER_235,8.139396,93.243724,WI6TN24V8A,917,9210,High,2023-05-06,Full,94168,8:00,18:00,6,Chennai,Yes,Active,2024-02-04,5
USER_236,11.366553,75.761658,NCOQ95CD9V,4638,33531,Medium,2022-12-11,Pending,111243,8:00,22:00,8,Hyderabad,Yes,Dormant,2023-04-26,3
USER_237,28.440919,70.741219,TXAW1KZ64E,4426,12183,High,2025-02-15,Full,159477,9:00,18:00,10,Chennai,Yes,Active,2027-07-15,4
USER_238,21.476529,75.759541,46I8VTR3FM,608,19166,Low,2024-09-27,Min,38337,6:00,23:00,20,Mumbai,Yes,Dormant,2026-09-29,4
USER_239,22.433777,87.22036,DK91Z00Z3M,3181,30772,Medium,2023-09-24,Pending,122320,9:00,19:00,10,Hyderabad,No,Active,2024-04-03,3
USER_240,16.582761,76.088152,L70A89JJDN,1839,25015,Low,2023-01-04,Pending,190375,6:00,22:00,12,Hyderabad,Yes,Dormant,2023-10-15,5
USER_241,13.185321,83.286708,0KWRMF3RV1,3243,47774,Low,2024-02-14,Min,87789,9:00,21:00,3,Bangalore,Yes,Dormant,2026-08-04,3
USER_242,22.028071,81.363273,THNZUTXO0T,3475,9961,Low,2023-09-18,Min,24813,8:00,19:00,9,Chennai,Yes,Active,2023-11-22,3
USER_243,17.298413,70.641329,YQUJ0CTRX9,1988,34809,High,2024-04-01,Min,127623,7:00,18:00,9,Bangalore,No,Dormant,2026-06-06,4
USER_244,22.435669,90.274049,M76RT2JK5I,2643,49693,Low,2021-10-15,Full,115358,10:00,23:00,6,Hyderabad,No,Dormant,2024-04-23,5
USER_245,25.290951,71.037711,KD5PGFS4IQ,2516,49080,High,2024-05-08,Full,119860,8:00,18:00,10,Mumbai,Yes,Active,2025-02-02,1
USER_246,15.788001,82.032489,J28S4I9WBF,3883,47240,High,2022-12-07,Pending,135137,7:00,20:00,10,Chennai,No,Dormant,2025-02-20,2
USER_247,34.050908,96.191517,AQ8RWXTWI8,3895,30960,Low,2024-07-21,Min,15482,8:00,21:00,6,Hyderabad,No,Dormant,2026-07-25,1
USER_248,30.660133,68.081655,VD8MSTQC2I,3743,39538,High,2022-08-11,Full,195312,9:00,19:00,1,Mumbai,No,Dormant,2024-09-11,3
USER_249,24.328763,76.318864,SSK3W7A3OP,4787,36447,Medium,2024-02-29,Full,122679,7:00,19:00,19,Chennai,Yes,Active,2025-06-05,5
USER_250,36.341029,89.680555,CTDAQ0TZAU,1710,21095,Low,2024-07-29,Min,10999,10:00,18:00,16,Kolkata,No,Dormant,2026-04-16,3
USER_251,9.882387,74.576257,N8FXUYL3CQ,4661,11278,High,2023-08-05,Pending,185863,7:00,19:00,7,Kolkata,No,Dormant,2025-08-25,1
USER_252,16.506299,85.217857,4VT2ZVKQ3Q,2024,25625,Medium,2020-12-28,Min,11297,6:00,20:00,6,Mumbai,No,Dormant,2023-05-22,3
USER_253,28.804814,82.987243,QTVLAERVAJ,1770,38029,High,2023-02-09,Full,144745,9:00,21:00,1,Chennai,No,Dormant,2024-07-30,2
USER_254,18.679824,75.07339,4BC0LKYSH8,4489,16836,Medium,2025-07-01,Min,178699,8:00,19:00,11,Hyderabad,No,Dormant,2026-09-23,3
USER_255,17.246641,88.923752,9T1MQVQFEH,3623,15145,Low,2022-06-14,Pending,138710,7:00,18:00,2,Hyderabad,No,Active,2025-02-05,3
USER_256,17.375458,75.483915,ZJVI5SK2GJ,1312,38076,Medium,2023-05-31,Full,141244,9:00,20:00,1,Bangalore,Yes,Dormant,2023-09-28,2
USER_257,9.167346,74.694231,MRHX1F0EVX,739,24402,Low,2023-05-13,Min,30806,9:00,20:00,14,Bangalore,Yes,Active,2023-09-05,5
USER_258,16.110298,84.408235,4PG2GYOE7A,4957,9902,Low,2024-03-27,Pending,18476,10:00,22:00,17,Hyderabad,Yes,Active,2024-12-21,5
USER_259,31.258311,92.413742,FTJY9VBJXW,2201,37872,Medium,2025-06-12,Min,19927,7:00,23:00,19,Mumbai,No,Active,2026-06-24,5
USER_260,22.802651,96.41092,TFOV31H55F,1906,26776,Medium,2023-02-03,Min,80378,6:00,20:00,3,Kolkata,No,Active,2023-11-29,1
USER_261,11.631671,90.955643,V54YHA8L1U,1449,8315,High,2025-04-29,Full,169412,6:00,20:00,16,Mumbai,Yes,Active,2026-12-11,3
USER_262,23.163888,70.868231,6HYO6KXOWD,963,49477,Medium,2025-03-11,Pending,65730,10:00,19:00,20,Chennai,No,Active,2025-05-04,5
USER_263,10.124302,85.228731,NW31FCMCPQ,1566,32208,Low,2024-09-09,Full,71068,9:00,23:00,10,Bangalore,Yes,Active,2024-12-22,5
USER_264,23.754605,70.670852,ADHZS44SZ6,4662,49303,High,2022-11-24,Pending,92482,10:00,18:00,11,Mumbai,No,Active,2024-06-29,4
USER_265,20.7047,68.941741,NHLR5QIOFU,2719,46710,High,2024-08-01,Pending,108685,10:00,23:00,1,Delhi,Yes,Active,2026-02-06,3
USER_266,12.084196,94.631569,VMYYVFGDNO,1241,20528,Low,2022-08-23,Pending,166757,6:00,19:00,1,Kolkata,Yes,Dormant,2023-12-04,2
USER_267,33.314925,79.435174,70U7TULEMY,4322,5908,High,2022-05-22,Full,142495,8:00,19:00,1,Delhi,Yes,Dormant,2024-02-16,1
USER_268,25.690505,80.355588,IRS4H0LWNA,2156,44021,Medium,2024-02-20,Full,181842,9:00,20:00,14,Bangalore,Yes,Active,2025-12-29,1
USER_269,35.761183,94.508,Y7S8JET5R3,1845,34615,Medium,2023-03-28,Pending,53227,7:00,20:00,7,Chennai,No,Dormant,2023-12-11,1
USER_270,11.056253,94.828604,1C07UDIYB6,3660,37111,High,2024-04-14,Pending,130996,10:00,22:00,16,Bangalore,No,Active,2026-07-09,1
USER_271,10.519173,80.721554,ISVUI3GC6X,990,31906,Medium,2022-03-29,Min,161116,9:00,20:00,4,Mumbai,No,Active,2024-01-15,5
USER_272,14.212076,79.828767,OAXVCT3AGC,3269,10544,Medium,2024-07-30,Min,193285,10:00,22:00,20,Chennai,No,Dormant,2025-06-05,4
USER_273,24.507821,80.137594,48FCNRYV73,4591,47298,Medium,2020-11-18,Min,61997,9:00,19:00,17,Kolkata,Yes,Dormant,2021-12-12,2
USER_274,22.581543,87.741123,RI5E08RI0Y,1335,28996,High,2022-07-07,Pending,176943,8:00,19:00,20,Delhi,Yes,Dormant,2023-01-09,3
USER_275,19.798665,86.727267,IZ4KBK4M8R,3690,49914,High,2021-06-12,Pending,25992,6:00,22:00,4,Hyderabad,No,Active,2022-01-19,2
USER_276,21.043675,70.656341,P5ERYY0QXS,3764,18079,High,2020-09-19,Full,74161,9:00,20:00,12,Bangalore,Yes,Active,2023-05-21,3
USER_277,13.837352,79.540595,PEX0BBFI5X,2897,5073,Low,2025-12-05,Min,35224,9:00,21:00,14,Kolkata,No,Dormant,2027-05-19,1
USER_278,30.473339,81.352769,NL2NOUKKOB,995,12726,High,2023-02-26,Full,111662,9:00,20:00,6,Delhi,Yes,Dormant,2025-03-11,4
USER_279,12.838785,94.993928,5RVA6RA823,4164,43385,Low,2022-04-01,Pending,144287,7:00,19:00,7,Mumbai,Yes,Dormant,2022-12-28,5
USER_280,35.533285,80.096059,CJP6ILCX62,4209,29687,High,2024-12-30,Full,52174,10:00,18:00,18,Kolkata,Yes,Dormant,2025-10-24,3
USER_281,29.643531,69.488944,T3YKD761VD,3802,8436,Medium,2023-11-06,Full,68739,7:00,22:00,15,Bangalore,Yes,Active,2023-11-11,4
USER_282,26.467064,68.229556,DM6M0XSHBB,1288,38228,Medium,2023-07-25,Min,21355,8:00,18:00,9,Mumbai,Yes,Dormant,2025-03-11,5
USER_283,22.80265,88.856784,RIVP3MD9AU,1255,44452,High,2020-10-17,Full,92820,6:00,18:00,15,Kolkata,No,Active,2022-12-23,2
USER_284,33.00097,68.205663,6JJRJDNCE2,2726,44163,Low,2024-01-20,Pending,33720,6:00,22:00,13,Mumbai,Yes,Dormant,2024-10-23,5
USER_285,31.761368,84.384752,BNIW8ITRGV,805,21736,Medium,2025-11-15,Min,135851,6:00,23:00,20,Chennai,Yes,Dormant,2026-11-17,3
USER_286,26.870235,68.205901,F6ST7GKOML,1685,17771,Medium,2025-09-06,Pending,105011,6:00,23:00,11,Delhi,No,Active,2028-05-20,3
USER_287,26.918802,92.678076,QCFHLWTUZW,1882,27869,High,2021-06-28,Pending,142381,10:00,19:00,11,Kolkata,No,Dormant,2021-09-30,5
USER_288,17.090221,89.877063,KLYXE577RO,1992,40360,High,2025-01-24,Full,125004,9:00,23:00,11,Chennai,Yes,Dormant,2026-09-23,5
USER_289,23.949142,89.32906,S97BVY6BNT,1294,40303,High,2024-05-05,Pending,197024,8:00,23:00,18,Kolkata,No,Dormant,2026-05-29,4
USER_290,34.342152,92.631953,1YCCWTIUF0,3536,31957,Low,2021-09-06,Pending,30277,7:00,23:00,16,Delhi,Yes,Active,2022-10-01,1
USER_291,31.293879,85.776539,0NCXEV4TAU,3524,22274,Medium,2021-10-23,Pending,130248,8:00,18:00,15,Bangalore,Yes,Active,2023-12-22,5
USER_292,14.885634,93.754611,VF9LPU95VZ,4055,29100,High,2023-11-27,Full,82996,8:00,23:00,1,Bangalore,No,Dormant,2026-04-04,5
USER_293,30.921662,85.339807,2YGVACVCOO,1383,25308,High,2025-04-24,Pending,101348,9:00,21:00,7,Kolkata,No,Active,2025-09-16,5
USER_294,22.266981,93.210132,6K1K5BYRKO,3481,49899,Low,2020-12-08,Pending,20519,9:00,22:00,8,Kolkata,Yes,Active,2021-01-05,2
USER_295,19.682066,93.424402,I9WZXO9JM5,3674,7630,Low,2024-01-12,Pending,63216,6:00,20:00,13,Chennai,No,Dormant,2025-04-04,4
USER_296,35.633775,81.672607,ICGJMBQD8W,4060,6115,High,2024-12-19,Full,26948,7:00,21:00,12,Kolkata,Yes,Active,2026-08-21,5
USER_297,35.522219,76.217005,CGW4T1AZ07,2333,37993,Medium,2021-04-06,Min,26942,6:00,22:00,11,Chennai,Yes,Active,2023-12-29,4
USER_298,17.952968,69.815687,Z0L8ALR0ZC,4367,14888,Medium,2024-06-19,Min,17162,10:00,23:00,8,Hyderabad,No,Dormant,2025-11-29,2
USER_299,32.193684,70.06435,NYU69GV5KL,1125,19053,Low,2025-03-28,Full,60270,8:00,23:00,15,Bangalore,Yes,Dormant,2026-03-15,4
USER_300,11.792967,79.06704,4QJ21BY3JF,3585,13936,Low,2023-10-07,Pending,152240,7:00,18:00,6,Chennai,Yes,Active,2025-11-08,5
USER_301,31.12467,95.320466,DPABAB4FEV,3122,11972,High,2025-04-25,Pending,161376,6:00,23:00,9,Delhi,Yes,Active,2027-06-05,1
USER_302,27.349498,95.384587,LGRFLFOU8A,3209,10147,High,2022-09-04,Min,82779,7:00,23:00,10,Bangalore,No,Active,2023-10-06,5
USER_303,13.447949,84.061695,WEZKURRC4G,4881,43904,Low,2021-03-17,Pending,154212,7:00,18:00,1,Delhi,Yes,Dormant,2023-10-15,4
USER_304,18.751662,92.375294,8K3LGJYXZT,3313,29040,High,2022-02-10,Pending,120417,8:00,23:00,14,Bangalore,No,Dormant,2023-05-23,4
USER_305,31.234638,77.576764,S3LWQ1WRV0,4586,36598,Low,2023-10-08,Pending,45807,9:00,21:00,15,Delhi,Yes,Dormant,2024-03-03,2
USER_306,26.002528,92.879026,Y1B6IJ7OVH,3868,18380,High,2025-08-09,Full,151758,9:00,23:00,11,Kolkata,No,Active,2026-01-19,1
USER_307,29.357793,76.966528,XEJ8Y4CXSO,1795,36343,Low,2020-10-17,Full,107635,7:00,20:00,13,Chennai,Yes,Dormant,2023-04-15,3
USER_308,11.430793,73.254018,OTDDVD4A4I,1806,47387,High,2021-03-20,Min,105998,8:00,19:00,2,Kolkata,Yes,Active,2022-04-10,2
USER_309,35.104924,84.637024,6ZOHJK2MUG,585,6197,High,2021-05-27,Pending,151749,7:00,20:00,8,Mumbai,No,Active,2023-01-27,5
USER_310,15.026162,94.182243,NCMC3H2K2V,2891,9365,Low,2024-06-08,Pending,39143,9:00,23:00,7,Chennai,Yes,Dormant,2025-02-14,3
USER_311,27.018496,79.656524,323UJ4V4M5,3147,10291,High,2024-06-03,Min,90189,7:00,22:00,5,Hyderabad,Yes,Dormant,2026-01-19,4
USER_312,36.688479,72.139366,D4KRSO64CL,1807,28085,Medium,2021-11-09,Min,55686,8:00,22:00,12,Hyderabad,No,Dormant,2023-06-04,2
USER_313,15.926041,73.136364,MD465QP8FZ,1986,24389,Low,2025-06-18,Min,149449,6:00,23:00,13,Mumbai,No,Dormant,2026-06-01,5
USER_314,33.674663,85.350535,I7L9P7CS8U,1123,47825,High,2024-07-16,Full,166487,9:00,18:00,8,Delhi,Yes,Dormant,2025-05-31,3
USER_315,11.467251,79.555106,EKDU7ORLUI,4422,34081,Medium,2021-01-26,Min,56606,6:00,23:00,12,Hyderabad,No,Dormant,2023-02-28,2
USER_316,18.360852,85.500102,1RCNYFGVTZ,3007,40884,High,2022-03-14,Min,39059,6:00,21:00,1,Kolkata,Yes,Dormant,2024-07-22,3
USER_317,22.668965,94.366074,9E795FUTL7,1170,21442,High,2024-11-14,Min,63255,9:00,19:00,9,Mumbai,No,Active,2027-01-22,1
USER_318,29.927617,95.7512,KU9MRKGZGK,4651,48420,Low,2020-11-24,Pending,80640,8:00,21:00,9,Bangalore,Yes,Active,2023-07-16,1
USER_319,15.119544,84.419699,I68QCTEODJ,2198,26044,Low,2025-05-03,Pending,144847,6:00,19:00,19,Mumbai,Yes,Dormant,2025-11-03,3
USER_320,22.259572,80.453148,2DBQTHJRZC,616,31168,Medium,2022-09-12,Pending,161735,7:00,20:00,13,Kolkata,No,Dormant,2025-02-20,3
USER_321,29.909253,91.516441,617OEVWMQG,1577,23059,Medium,2025-11-19,Min,25764,10:00,21:00,18,Mumbai,Yes,Active,2028-02-26,2
USER_322,32.925965,83.92943,7CM3GUPSZB,1650,34415,Medium,2022-12-30,Full,153390,9:00,23:00,3,Delhi,No,Active,2023-10-30,3
USER_323,10.938857,95.765378,4BZOHNXLQC,4987,35607,Low,2025-08-27,Pending,32662,9:00,19:00,19,Hyderabad,Yes,Dormant,2026-11-24,1
USER_324,22.927554,84.062272,PMVJGGY3P4,521,48875,High,2021-10-05,Pending,143483,6:00,20:00,18,Bangalore,Yes,Dormant,2023-07-01,4
USER_325,11.130675,68.462151,XUBE5COLUU,653,38595,Low,2025-07-02,Pending,193593,6:00,21:00,10,Chennai,No,Dormant,2026-03-31,3
USER_326,10.885841,85.556822,L0BYH156FZ,626,20054,Medium,2023-07-17,Pending,130875,6:00,22:00,13,Mumbai,No,Dormant,2025-01-04,3
USER_327,22.532823,71.164432,OAG5Y0GVE7,4670,46592,Medium,2023-11-21,Min,64935,7:00,23:00,2,Delhi,Yes,Dormant,2025-12-07,4
USER_328,26.931936,93.247027,FVNH5KAG9Y,1929,38693,Low,2025-09-23,Min,166409,6:00,18:00,10,Bangalore,Yes,Dormant,2028-04-30,3
USER_329,12.493612,84.48035,AXQMSC3LML,1894,34945,High,2022-05-12,Pending,118230,7:00,21:00,16,Kolkata,Yes,Dormant,2024-11-12,3
USER_330,21.775547,85.79065,28NFYX32VU,3136,7825,High,2025-11-15,Min,41753,7:00,19:00,18,Delhi,No,Active,2026-04-25,4
USER_331,30.129799,68.21418,ZK8ZNGIM6H,3673,49844,High,2022-10-21,Min,117569,10:00,20:00,18,Kolkata,No,Dormant,2022-10-30,4
USER_332,12.022199,82.930299,L61GU4KEJ4,2651,11826,Medium,2025-06-02,Min,46142,10:00,22:00,6,Mumbai,Yes,Dormant,2027-12-12,4
USER_333,26.564791,92.778886,URM4OIXOQ4,3864,21905,Low,2025-01-22,Pending,24321,7:00,22:00,18,Chennai,No,Active,2026-08-22,2
USER_334,33.64821,70.433078,OS0DYT7CLD,4552,34987,Medium,2025-04-28,Full,82025,6:00,20:00,11,Hyderabad,No,Dormant,2026-12-22,1
USER_335,8.841324,92.8975,056OBQ0Q4T,4496,7546,High,2023-01-08,Full,146091,8:00,18:00,6,Delhi,No,Dormant,2023-12-13,1
USER_336,36.625055,81.123203,KPD8ZBF2E6,2460,18580,Medium,2023-09-18,Full,53985,8:00,18:00,11,Mumbai,No,Dormant,2024-01-04,4
USER_337,13.833786,82.264968,2X6E6FSMYZ,2328,25041,Medium,2022-08-20,Pending,190148,7:00,18:00,14,Chennai,Yes,Dormant,2025-04-09,4
USER_338,30.957143,89.628133,2NYCRPDPR6,1102,37591,High,2025-12-19,Pending,115467,7:00,18:00,4,Chennai,Yes,Active,2027-01-23,5
USER_339,24.398282,79.607725,0ZN6GQH33W,2368,25724,Low,2022-12-19,Min,67996,8:00,22:00,15,Kolkata,No,Active,2025-08-28,4
USER_340,24.086446,76.454176,DKHYH2QXCE,3650,48540,High,2024-03-31,Min,15731,6:00,21:00,16,Hyderabad,No,Active,2025-03-16,1
USER_341,14.748894,72.568367,SORJFAN1LC,4296,35602,Low,2025-01-19,Min,176971,9:00,19:00,5,Hyderabad,Yes,Active,2026-01-09,4
USER_342,14.256587,92.582202,EDJPB8X9FU,1115,28425,High,2023-05-28,Full,92001,6:00,22:00,3,Bangalore,Yes,Active,2025-07-15,1
USER_343,8.850284,95.715096,C5AVEF257U,4119,45067,Low,2025-04-04,Full,177672,7:00,22:00,2,Delhi,No,Dormant,2026-05-06,4
USER_344,18.631118,73.165956,20N5LT1510,668,5669,High,2021-01-19,Full,12125,7:00,23:00,1,Bangalore,No,Active,2023-01-04,1
USER_345,35.80133,76.518187,7X2M9R28FU,3969,39850,Medium,2023-09-25,Full,117265,6:00,19:00,14,Hyderabad,Yes,Active,2024-08-11,4
USER_346,34.839664,74.939236,JCWACV3NLW,4099,31261,Low,2024-08-28,Min,197211,6:00,19:00,16,Delhi,No,Dormant,2027-01-10,4
USER_347,21.119458,75.977975,E05ODFFZIC,4117,28687,High,2021-01-14,Full,150617,7:00,18:00,9,Kolkata,Yes,Dormant,2023-07-09,2
USER_348,15.209157,92.541787,Z4LZ0MRQ6K,1184,36752,High,2021-12-09,Full,101392,10:00,22:00,19,Bangalore,No,Dormant,2024-02-04,2
USER_349,34.804733,93.664942,A50NFPINQC,1405,30073,Low,2021-10-29,Full,84997,8:00,19:00,3,Kolkata,Yes,Dormant,2024-01-12,4
USER_350,23.123016,74.794644,UJWVZKQUL1,4005,46836,Low,2020-11-10,Min,189795,10:00,19:00,1,Delhi,No,Dormant,2022-10-05,4
USER_351,33.752332,75.234392,ROZ4ZZH912,4792,33801,Low,2025-07-15,Min,182771,7:00,20:00,16,Delhi,Yes,Dormant,2027-02-24,4
USER_352,33.374216,88.091169,TXPKIKF3WV,2438,18019,Low,2022-01-28,Full,88414,7:00,19:00,10,Chennai,Yes,Dormant,2024-04-12,2
USER_353,13.388,73.075029,2QG80QQLRZ,4631,5589,High,2022-12-13,Pending,79805,10:00,21:00,10,Mumbai,Yes,Active,2024-12-06,3
USER_354,28.93918,96.272126,LTZBWPSK5G,3660,40859,High,2025-03-10,Pending,33510,7:00,22:00,18,Delhi,No,Dormant,2025-06-15,3
USER_355,24.456806,76.14497,AJY5Y5JIT2,1916,45507,High,2022-08-18,Min,162293,10:00,21:00,4,Delhi,Yes,Dormant,2024-11-06,1
USER_356,34.850143,88.551871,7RHI068I7S,1365,9805,Low,2023-09-05,Full,173896,9:00,23:00,10,Kolkata,No,Active,2024-01-05,3
USER_357,26.559032,95.75789,XQS3Q1RFZU,1668,29504,Low,2021-11-14,Full,134930,7:00,21:00,16,Delhi,Yes,Active,2023-05-11,3
USER_358,30.857373,71.522743,4PRYZRPK1Z,4916,29047,Medium,2023-01-06,Pending,101338,9:00,21:00,16,Bangalore,Yes,Active,2023-06-23,3
USER_359,24.58998,93.404229,Y395HARJKT,3241,38366,High,2025-12-27,Full,19927,10:00,19:00,17,Hyderabad,No,Active,2027-01-03,3
USER_360,32.893046,73.504305,1PP0YZXJVR,944,10034,Medium,2021-10-31,Full,25942,7:00,22:00,19,Bangalore,No,Dormant,2022-06-25,5
USER_361,21.388325,94.399104,FXFY4VJ1EU,4120,31800,Medium,2022-06-01,Min,108172,9:00,19:00,13,Hyderabad,No,Dormant,2022-12-27,2
USER_362,20.35367,91.42024,IX1HWJ48FN,1866,29201,Medium,2023-10-15,Full,150694,8:00,23:00,1,Chennai,No,Dormant,2025-05-10,2
USER_363,31.145605,70.105656,DAZ6POZASE,2992,47335,Medium,2025-08-30,Full,178942,8:00,20:00,5,Kolkata,No,Dormant,2026-03-12,5
USER_364,28.142295,69.316259,R7HN4S1SAE,2377,42683,Low,2024-01-31,Full,18052,10:00,23:00,3,Mumbai,No,Dormant,2025-09-01,5
USER_365,9.751273,96.503635,99JK6U72Y9,2367,19767,Medium,2022-05-29,Min,130653,8:00,20:00,13,Kolkata,Yes,Active,2023-03-07,4
USER_366,21.309839,95.430193,2PQ70CR99P,604,11643,Low,2025-06-07,Full,176412,8:00,23:00,2,Kolkata,No,Active,2028-01-10,3
USER_367,25.242849,93.9346,T2QFJL3H8D,1005,28733,High,2025-04-07,Min,168429,9:00,23:00,4,Hyderabad,Yes,Active,2026-05-17,2
USER_368,34.081252,71.574806,G5BT6QNUBG,2676,22839,High,2024-12-11,Min,149445,6:00,20:00,1,Delhi,No,Dormant,2026-02-17,3
USER_369,19.918651,70.222845,8VL3NDFOXP,724,13762,Medium,2021-02-05,Min,28447,9:00,19:00,3,Bangalore,No,Active,2023-06-29,4
USER_370,8.455868,79.28154,TJJ4IE2PBS,3765,48804,High,2022-05-10,Full,38709,9:00,22:00,12,Delhi,No,Dormant,2023-02-25,3
USER_371,22.552293,89.205886,I91QK883A3,3235,30326,High,2024-01-17,Pending,78961,9:00,22:00,7,Bangalore,No,Active,2026-03-27,3
USER_372,26.119272,84.989858,57HSCFNMLE,4768,28208,High,2025-10-27,Pending,198925,8:00,21:00,20,Bangalore,No,Active,2027-02-03,2
USER_373,21.506194,90.719271,77PLLPB5MK,3443,9551,High,2025-04-04,Min,87268,6:00,23:00,19,Bangalore,No,Dormant,2027-04-23,5
USER_374,28.559024,91.645256,VUC9POBP8W,2203,46944,Low,2023-03-13,Min,33039,6:00,23:00,2,Hyderabad,Yes,Dormant,2024-05-09,1
USER_375,27.106936,74.71523,64QX6V8ABG,3020,35345,High,2020-09-09,Min,188317,8:00,21:00,19,Chennai,No,Active,2021-01-01,3
USER_376,24.332723,80.295005,9N7YI5K3XF,1074,15153,High,2024-12-26,Min,162282,10:00,21:00,9,Hyderabad,Yes,Active,2025-04-24,3
USER_377,9.716878,94.872967,N0C6WXSGYE,758,17923,Medium,2025-01-06,Full,129906,10:00,23:00,12,Chennai,Yes,Dormant,2027-06-27,3
USER_378,36.446736,93.795606,FEFIIQ3MRR,4647,46993,Medium,2023-03-31,Min,61827,7:00,20:00,9,Delhi,No,Dormant,2024-08-27,5
USER_379,8.687943,88.072177,9UC8NAFZ2O,2870,12343,High,2024-01-30,Min,196210,10:00,21:00,3,Bangalore,No,Active,2024-12-11,3
USER_380,12.16715,70.515867,FTV7VS8QVM,757,37540,High,2021-04-05,Min,78552,6:00,22:00,16,Hyderabad,Yes,Dormant,2022-06-11,5
USER_381,25.566655,89.22519,Y7A31Z18QY,824,21130,Medium,2021-02-08,Full,167179,10:00,20:00,18,Bangalore,No,Dormant,2022-06-30,5
USER_382,22.575326,69.069797,MK6PPNPD9W,1384,11329,Medium,2022-07-27,Full,192678,9:00,18:00,13,Hyderabad,No,Active,2024-01-05,4
USER_383,13.215639,72.624699,80YPIA6CLS,779,33135,High,2021-10-29,Full,164227,10:00,18:00,5,Hyderabad,No,Dormant,2023-06-30,5
USER_384,8.492602,69.236558,AT0V3N7Y68,4940,11603,High,2023-12-17,Min,117652,10:00,18:00,12,Kolkata,No,Active,2024-05-11,1
USER_385,30.428666,76.821324,MRV70XSE4K,4155,48462,Medium,2022-03-25,Full,139391,10:00,20:00,6,Kolkata,Yes,Dormant,2022-12-08,2
USER_386,15.441541,74.032545,SZYFF6LXMO,1948,13824,Low,2023-06-24,Pending,94459,6:00,23:00,3,Mumbai,Yes,Active,2025-08-22,1
USER_387,8.169385,71.805771,A536B0GN0V,3684,16831,Medium,2020-12-26,Min,122315,8:00,22:00,11,Hyderabad,Yes,Dormant,2022-02-07,5
USER_388,35.431842,72.195413,TQ78JH8KP0,1628,24337,Low,2021-06-12,Full,11281,7:00,20:00,7,Bangalore,No,Dormant,2022-01-29,3
USER_389,26.140732,73.525726,8Q6BKS1G4W,1930,44416,High,2025-01-06,Pending,17215,8:00,18:00,7,Mumbai,No,Dormant,2027-07-12,5
USER_390,30.149507,92.446713,V1M726C5ZO,3755,34626,High,2022-01-22,Pending,180876,8:00,23:00,15,Chennai,No,Active,2022-04-06,5
USER_391,13.611951,84.342819,J7KW8U3YAA,716,28738,Medium,2023-12-25,Full,52899,8:00,22:00,10,Delhi,No,Active,2024-08-27,2
USER_392,12.794957,93.458132,P7YASQXTDF,1556,31386,Low,2024-05-04,Pending,105756,7:00,20:00,14,Hyderabad,Yes,Active,2025-05-18,4
USER_393,36.485665,85.890631,XA9TGDH9VS,768,7084,High,2024-08-16,Min,188323,8:00,18:00,11,Kolkata,No,Active,2025-03-26,1
USER_394,9.508993,84.642198,FOCCOFYKOX,4283,40294,Low,2023-01-17,Min,116491,8:00,22:00,15,Chennai,Yes,Active,2024-09-30,4
USER_395,20.440779,89.009614,BWJ0CPGQ2W,1831,32314,Medium,2023-07-01,Full,171491,8:00,20:00,10,Mumbai,Yes,Dormant,2026-03-10,2
USER_396,8.361602,77.780016,YFKFDOU72E,2715,24601,Low,2021-03-07,Pending,119167,10:00,23:00,18,Chennai,Yes,Dormant,2022-12-19,3
USER_397,15.594935,80.095331,HI7YX3TKHJ,2324,10874,High,2025-06-08,Pending,27312,8:00,21:00,12,Bangalore,Yes,Active,2027-01-18,2
USER_398,27.94717,74.321281,73T1677PG5,3423,38682,High,2021-12-09,Pending,48765,6:00,20:00,7,Delhi,Yes,Active,2022-04-06,4
USER_399,18.653596,71.181151,W3Y9NNQV9R,2534,19986,Medium,2021-09-23,Full,94805,8:00,22:00,8,Kolkata,No,Active,2021-12-20,5
USER_400,22.288546,72.97128,441ZF7E763,4963,13755,Medium,2020-12-26,Min,199428,6:00,19:00,12,Kolkata,Yes,Dormant,2021-11-13,5
USER_401,31.359164,76.176219,4UEBXRJNXS,4775,25357,High,2022-02-20,Pending,80528,8:00,22:00,7,Mumbai,No,Active,2023-10-17,3
USER_402,19.248037,71.571165,7FWLJS02O3,4207,39680,High,2024-06-02,Full,96284,7:00,23:00,1,Delhi,No,Dormant,2024-08-14,1
USER_403,21.771324,74.086262,9V8CR5QCE0,3997,28055,Low,2021-08-12,Full,56266,6:00,19:00,17,Chennai,Yes,Dormant,2022-12-19,4
USER_404,18.280312,81.826222,14LN26HU6Y,3819,48766,High,2024-07-21,Min,150805,10:00,19:00,6,Bangalore,Yes,Dormant,2026-05-22,4
USER_405,36.109634,70.038501,4ZD4CDNSUG,834,38574,High,2021-06-11,Pending,42027,9:00,18:00,4,Bangalore,No,Active,2023-10-06,4
USER_406,21.909692,79.815097,W4FV5I2F3P,2498,46991,High,2022-07-31,Min,198021,6:00,23:00,6,Hyderabad,No,Active,2024-03-30,1
USER_407,18.059565,83.916052,XP4SB0Y5XO,2409,35651,High,2023-06-08,Pending,130388,8:00,22:00,3,Delhi,Yes,Dormant,2023-09-03,5
USER_408,15.139467,80.675794,7RK0R5JV89,1665,9741,High,2020-11-26,Full,64115,6:00,21:00,10,Mumbai,No,Dormant,2022-05-02,3
USER_409,20.572805,95.242485,X1O3XB47NJ,1192,20826,Medium,2021-01-19,Min,85072,7:00,21:00,1,Chennai,Yes,Active,2021-11-28,5
USER_410,36.390546,96.655954,20J2Z4TLQ6,3129,36080,Medium,2021-03-29,Full,59928,6:00,20:00,7,Delhi,No,Active,2021-10-09,2
USER_411,24.778468,68.648657,X3ZGM3B5DN,4179,15970,Medium,2025-09-15,Min,100993,10:00,22:00,8,Delhi,Yes,Active,2026-05-14,5
USER_412,29.158371,90.099575,SE6YYLPRM1,2050,6232,Medium,2023-01-15,Pending,10049,6:00,23:00,2,Mumbai,No,Active,2025-07-19,5
USER_413,34.655628,92.293329,WXC5PJ69P4,1818,18248,Low,2025-08-27,Full,62408,9:00,18:00,11,Delhi,Yes,Dormant,2027-12-03,1
USER_414,10.699461,74.140813,N9Z3PCW5Q6,1559,10181,Low,2022-03-01,Min,149064,9:00,19:00,20,Kolkata,No,Dormant,2024-06-05,4
USER_415,31.809357,68.195232,ZUBEFIYU0T,4152,14591,Low,2025-09-15,Pending,194631,8:00,21:00,19,Bangalore,No,Dormant,2026-04-23,3
USER_416,10.989303,93.106838,HZS5ZFQHOL,2730,30499,Medium,2025-05-01,Min,152613,10:00,22:00,9,Delhi,No,Active,2027-02-27,4
USER_417,15.228369,77.924809,LXLQL2D45F,1127,45474,Medium,2024-02-12,Min,158200,8:00,22:00,18,Kolkata,Yes,Dormant,2025-10-13,4
USER_418,34.875033,68.640525,0T3SRXPROY,3776,19395,Medium,2021-01-22,Min,139435,6:00,18:00,19,Chennai,No,Active,2023-02-02,5
USER_419,30.923272,72.688544,29D47KMXPP,1565,17577,High,2023-03-07,Pending,18415,8:00,22:00,19,Bangalore,No,Active,2023-10-23,2
USER_420,8.234081,89.056651,SUQXBSSTAV,2042,36241,High,2022-10-11,Pending,149834,10:00,23:00,8,Mumbai,Yes,Active,2023-04-24,5
USER_421,19.423946,79.064191,A45BO1POU3,3618,26986,High,2024-10-19,Min,122054,8:00,23:00,17,Mumbai,No,Active,2026-06-12,5
USER_422,10.490409,70.714498,BO10XIGYI3,2524,26632,High,2025-11-21,Pending,88907,7:00,22:00,8,Hyderabad,Yes,Active,2027-10-30,2
USER_423,8.206862,75.42782,QLXI6JHKCZ,1934,10372,Medium,2020-10-01,Full,181539,10:00,20:00,3,Delhi,No,Dormant,2021-07-17,1
USER_424,12.161499,78.576393,MPONH8Z8I9,2145,5924,High,2022-11-12,Full,67942,7:00,19:00,7,Hyderabad,No,Active,2023-02-25,1
USER_425,36.332645,89.072584,VZQZP4W8RI,3472,15398,Low,2022-12-01,Full,105293,7:00,22:00,2,Mumbai,Yes,Active,2025-01-30,3
USER_426,18.733651,77.836459,5ZG5CN85IM,3931,14741,Medium,2025-10-12,Min,154288,7:00,23:00,13,Delhi,No,Dormant,2027-08-31,2
USER_427,22.239199,89.289201,VA0R95LT1D,1597,9728,Low,2022-08-26,Full,113948,6:00,22:00,16,Kolkata,No,Active,2024-03-15,5
USER_428,21.820431,81.208078,YCD9P8CIYG,2162,26725,Low,2021-08-15,Full,153772,6:00,20:00,15,Delhi,Yes,Active,2022-05-21,2
USER_429,36.799468,82.745109,0HU5S47JEA,4014,49150,High,2022-11-19,Min,158648,6:00,19:00,20,Bangalore,Yes,Active,2025-02-21,1
USER_430,17.31383,94.907362,4A7MFGG0MR,1704,38014,Medium,2025-10-27,Min,72584,7:00,21:00,2,Kolkata,Yes,Active,2027-07-24,5
USER_431,33.414922,70.699237,V1XOX0OE8F,3025,25536,Low,2020-11-02,Min,118426,6:00,22:00,13,Mumbai,Yes,Dormant,2023-04-22,5
USER_432,14.321338,95.527779,ZRLBZZFFDS,4858,16078,Low,2021-12-06,Full,42613,6:00,21:00,2,Delhi,Yes,Active,2022-12-17,5
USER_433,12.370862,86.08554,B2X1B62QV5,2879,12989,Low,2021-12-05,Min,129826,9:00,23:00,7,Kolkata,Yes,Active,2024-02-27,1
USER_434,26.708405,72.228887,23OSROX0H9,1092,19956,Medium,2026-01-03,Pending,101977,8:00,22:00,16,Bangalore,No,Active,2026-12-26,5
USER_435,26.276386,86.491249,ORGME2VHTP,558,27685,Medium,2025-06-07,Full,158536,8:00,20:00,2,Delhi,No,Active,2027-03-18,5
USER_436,33.446174,90.057345,VO0RRCCVYL,1581,49022,Low,2025-02-26,Min,117147,9:00,20:00,17,Kolkata,Yes,Active,2027-08-01,3
USER_437,21.07943,74.058876,I3WMKC782R,2170,21118,Low,2024-01-24,Min,54655,6:00,22:00,5,Chennai,No,Dormant,2026-01-21,1
USER_438,8.482413,79.493338,T1FBM2XGAA,1117,31113,Low,2024-06-17,Pending,151817,8:00,21:00,5,Kolkata,Yes,Active,2025-11-10,2
USER_439,32.286935,83.185066,USJM6S2IKT,4341,25969,Medium,2025-05-14,Pending,45437,6:00,20:00,7,Delhi,Yes,Dormant,2027-06-04,1
USER_440,27.495534,88.999281,NSGFG9BFWR,2336,46735,Medium,2025-03-17,Pending,99992,10:00,20:00,5,Mumbai,No,Dormant,2027-11-26,3
USER_441,10.348249,95.685998,5501AFRYCI,1590,44027,High,2024-10-29,Pending,31740,10:00,23:00,20,Delhi,No,Active,2026-11-17,4
USER_442,27.331502,94.133774,XNRPBW4CFN,2489,38048,High,2024-12-10,Full,30581,7:00,22:00,5,Mumbai,No,Dormant,2027-07-31,2
USER_443,35.501185,94.630674,0ST6INT313,930,16025,Low,2024-10-19,Pending,149634,10:00,20:00,18,Hyderabad,Yes,Active,2026-11-29,4
USER_444,22.344005,69.419041,ZNP6F0YBBU,4341,35321,High,2021-03-21,Min,158634,10:00,18:00,11,Chennai,Yes,Active,2023-06-24,3
USER_445,8.479439,80.24546,GC1ZK1YU1R,2987,41189,High,2025-07-10,Pending,25990,7:00,21:00,12,Delhi,Yes,Active,2027-11-19,3
USER_446,21.431546,76.084687,TNCUS7ML3Q,1968,24393,High,2023-05-19,Full,29454,7:00,22:00,20,Delhi,Yes,Active,2025-01-29,5
USER_447,8.340739,92.257077,7V3EHOGTSN,2171,9880,Medium,2021-10-14,Full,35686,9:00,20:00,14,Chennai,Yes,Active,2023-07-12,3
USER_448,11.965535,68.708823,GLJQJNEWUJ,4505,17006,Low,2026-01-20,Pending,82701,6:00,23:00,3,Mumbai,No,Dormant,2026-11-20,1
USER_449,28.415792,96.867022,T5XVUKG6CH,3019,22262,Medium,2022-12-22,Pending,15352,7:00,18:00,1,Delhi,Yes,Active,2025-04-29,4
USER_450,33.448996,94.698493,T4W3N2417R,2614,40158,Medium,2023-03-04,Min,97699,6:00,18:00,14,Delhi,No,Dormant,2025-09-18,5
USER_451,13.932638,82.29102,G8SYKWPTOR,2400,19176,High,2020-09-27,Pending,63099,7:00,23:00,12,Bangalore,No,Dormant,2022-08-29,2
USER_452,10.942684,74.419517,34742M2KOD,4160,28812,High,2023-07-04,Pending,14019,10:00,18:00,15,Chennai,Yes,Active,2023-07-13,2
USER_453,8.40426,78.766235,56DR9X7LYK,2671,11472,Low,2023-12-17,Min,53910,6:00,23:00,4,Chennai,Yes,Active,2025-11-12,3
USER_454,33.089869,92.974276,N3WVL5KZIH,3990,42436,High,2024-10-23,Pending,145322,7:00,22:00,11,Chennai,Yes,Active,2026-11-06,2
USER_455,10.898884,78.335049,CFAD2CFWQ6,2692,28007,High,2023-03-11,Min,62385,8:00,22:00,15,Delhi,No,Active,2023-04-04,5
USER_456,27.911811,86.020855,D3Q9BFU4BM,3933,30412,Medium,2020-12-31,Min,171784,8:00,21:00,20,Chennai,Yes,Dormant,2022-09-20,5
USER_457,17.449391,71.831601,KRDKN8DJL7,2748,44187,Medium,2021-10-26,Pending,84768,8:00,18:00,10,Mumbai,No,Dormant,2022-05-29,5
USER_458,34.136627,92.359606,E9Z8X0EX9M,1226,31672,High,2020-09-03,Pending,64909,8:00,23:00,13,Bangalore,No,Active,2021-08-01,4
USER_459,11.710102,84.028641,YGPU03SESQ,4839,14499,Medium,2024-06-15,Min,119185,9:00,21:00,17,Mumbai,No,Dormant,2026-05-16,4
USER_460,17.552579,89.926498,AXTB9T4QQS,4483,45230,High,2025-08-08,Pending,117180,7:00,22:00,1,Hyderabad,Yes,Dormant,2028-04-10,1
USER_461,28.269028,77.374063,IC1XBWHV9J,3816,31700,Low,2021-10-05,Pending,153213,6:00,18:00,1,Bangalore,No,Dormant,2022-01-04,5
USER_462,23.397001,86.965436,JI2WMQ1RAR,3425,23619,Low,2021-01-31,Pending,89753,10:00,19:00,1,Hyderabad,No,Active,2021-04-11,2
USER_463,17.265723,69.117119,IUTX60BRNQ,2632,18399,Medium,2021-08-20,Min,92954,6:00,22:00,4,Mumbai,No,Active,2024-05-09,4
USER_464,27.711971,83.687401,1ZJZPSVROX,3372,7103,Medium,2024-03-15,Min,151527,9:00,19:00,20,Hyderabad,No,Dormant,2026-09-02,1
USER_465,11.487806,80.285243,FT829JY2EF,3104,48119,Low,2024-07-31,Min,164120,10:00,20:00,12,Hyderabad,No,Dormant,2025-11-25,3
USER_466,35.698636,76.256325,PRGGQNS6NT,1114,43949,High,2023-03-18,Full,139824,10:00,23:00,2,Mumbai,Yes,Dormant,2025-07-25,2
USER_467,25.705326,86.023237,O9QSP0086I,3320,42432,Low,2025-07-27,Min,177727,6:00,23:00,6,Hyderabad,Yes,Dormant,2027-01-22,2
USER_468,9.224791,90.949144,QQTI3W0G6C,1060,37108,Medium,2025-07-15,Pending,159957,10:00,23:00,5,Bangalore,Yes,Dormant,2026-08-17,5
USER_469,15.361202,71.429439,KJIC3FN4P5,1105,25675,High,2025-06-04,Full,92146,8:00,20:00,13,Bangalore,No,Active,2027-08-27,1
USER_470,17.491957,89.247661,RNJDDP4DDW,3735,34002,Medium,2022-02-25,Full,194493,10:00,20:00,3,Bangalore,No,Active,2022-05-15,3
USER_471,28.039457,75.19729,3EWDYO7A4M,3876,39208,Low,2025-11-09,Min,60734,10:00,23:00,5,Hyderabad,Yes,Dormant,2027-12-20,5
USER_472,10.124141,86.813356,PS6L3YB4OV,2614,43491,High,2023-03-16,Full,105195,9:00,20:00,2,Delhi,Yes,Active,2025-02-05,5
USER_473,9.925535,76.293449,824LWUMTJZ,3874,31345,Low,2024-02-18,Min,43629,6:00,18:00,16,Bangalore,Yes,Active,2024-08-05,4
USER_474,31.03786,72.226764,ATRJCCGMR3,559,41850,High,2021-05-10,Full,132176,10:00,19:00,2,Delhi,Yes,Active,2022-02-21,3
USER_475,9.082506,87.194391,CGS6MIRP9K,2072,7934,High,2025-10-28,Min,101911,8:00,22:00,18,Hyderabad,Yes,Dormant,2026-08-19,4
USER_476,12.30552,75.901484,WOJG24M6FR,3599,44494,High,2021-02-07,Min,83959,7:00,20:00,10,Kolkata,Yes,Active,2022-07-05,4
USER_477,29.835988,78.485335,URXSL3IWBT,3158,25398,Low,2021-10-26,Pending,49504,10:00,20:00,17,Hyderabad,Yes,Dormant,2022-12-20,5
USER_478,36.437781,92.175305,HDYAQOGERV,907,24211,High,2023-09-29,Pending,33800,10:00,21:00,1,Kolkata,Yes,Active,2024-07-09,4
USER_479,27.003718,69.275375,I9O205T9VV,3540,6677,Low,2022-05-13,Pending,147321,10:00,21:00,3,Chennai,No,Dormant,2023-02-08,5
USER_480,25.149556,94.462285,844LSL0C9H,3539,30313,High,2023-05-19,Min,140059,8:00,20:00,7,Mumbai,Yes,Active,2024-06-29,3
USER_481,24.397991,81.609216,LMK6ZD2957,1859,34675,High,2021-03-27,Full,87327,10:00,19:00,5,Kolkata,Yes,Active,2023-08-31,1
USER_482,22.598515,75.602341,LEEHDP5VCK,3175,25040,High,2022-11-21,Pending,38403,9:00,22:00,17,Mumbai,No,Active,2024-12-26,4
USER_483,27.384307,68.383995,KGW86MFQXQ,1840,38624,Low,2023-07-20,Pending,148929,7:00,22:00,11,Hyderabad,Yes,Active,2024-01-28,3
USER_484,9.782944,93.998251,P5GB4YFWV1,4348,35866,Medium,2025-02-22,Min,122851,8:00,18:00,12,Delhi,Yes,Dormant,2026-07-05,2
USER_485,33.157648,70.34938,2YW4IJ7PCI,4676,18412,High,2024-08-29,Pending,30896,8:00,18:00,16,Hyderabad,Yes,Active,2026-06-08,4
USER_486,33.701895,91.761993,105BZ5O63P,4241,22246,High,2021-09-14,Full,53902,9:00,21:00,2,Chennai,Yes,Active,2023-06-19,1
USER_487,23.64892,79.594913,8VOWILA3DB,2848,12111,High,2020-11-19,Full,112498,9:00,18:00,9,Kolkata,Yes,Active,2022-09-29,2
USER_488,8.436952,80.681146,7E9MR3ZAN8,4128,16674,Medium,2024-02-05,Min,89016,6:00,22:00,17,Chennai,Yes,Active,2025-05-11,3
USER_489,28.220675,91.525546,RS9HXWEUJU,1568,35006,High,2023-03-20,Pending,198321,6:00,21:00,17,Delhi,No,Active,2024-10-26,2
USER_490,12.057593,87.59763,LHZHO39AQ9,3712,27105,Medium,2023-10-29,Min,128191,10:00,23:00,16,Chennai,No,Active,2026-07-23,4
USER_491,25.374515,80.342925,GUK3PSMRJD,2180,28532,High,2022-08-08,Full,160208,7:00,22:00,6,Chennai,No,Dormant,2025-02-12,4
USER_492,19.505969,96.900204,IQZL8ZKNC3,4897,13832,Medium,2025-09-04,Full,74158,9:00,23:00,19,Hyderabad,Yes,Active,2028-03-04,3
USER_493,8.346551,82.005945,K4I9UOOH9J,3912,26975,Low,2021-03-23,Full,91011,6:00,21:00,7,Kolkata,Yes,Active,2021-12-28,4
USER_494,22.648216,71.08805,7HTC0JHUGD,4936,28631,Low,2025-06-27,Full,60658,9:00,20:00,1,Kolkata,Yes,Dormant,2027-02-06,4
USER_495,13.947863,96.642113,M09H3H609I,2347,38610,Medium,2021-09-04,Pending,198166,6:00,19:00,17,Kolkata,Yes,Dormant,2023-08-03,3
USER_496,19.025927,72.50653,TXE53WQSZW,4301,25310,Low,2021-02-19,Min,135898,6:00,21:00,3,Delhi,Yes,Active,2021-07-01,3
USER_497,23.92983,77.199388,1EGC9XFV55,693,48693,Medium,2022-11-07,Pending,18687,7:00,23:00,20,Bangalore,Yes,Dormant,2024-06-06,4
USER_498,19.571368,86.298195,RBY6V7ILV8,2738,7416,Medium,2023-05-18,Pending,193410,9:00,20:00,10,Delhi,Yes,Dormant,2025-06-28,2
USER_499,25.028074,77.859646,MAKCFVGCLZ,3556,17835,Low,2023-12-09,Full,186149,6:00,21:00,19,Bangalore,Yes,Dormant,2025-05-13,2
USER_500,12.883763,89.364216,YDIFF8IA8B,2098,49958,Low,2023-08-11,Pending,152842,8:00,23:00,6,Chennai,No,Dormant,2023-12-15,4